{
    "MoveSpeed": 0.5,
    "MoveSpeed Controller": 0.10000000149011612,
    "Rotate": {
        "x": -0.30000001192092896,
        "y": 0.0,
        "z": 0.0
    },
    "RotateSpeed": 0.05000000074505806,
    "RotateSpeed Controller": 0.004999999888241291,
    "Translate": {
        "x": 0.0,
        "y": 1.2999999523162842,
        "z": -17.399999618530273
    }
}