{
    "MoveSpeed": 0.5,
    "MoveSpeed Controller": 0.10000000149011612,
    "Rotate": {
        "x": -0.15865525603294373,
        "y": -3.0966413021087646,
        "z": 0.0
    },
    "RotateSpeed": 0.05000000074505806,
    "RotateSpeed Controller": 0.004999999888241291,
    "Translate": {
        "x": 1.1234034299850464,
        "y": 4.0,
        "z": 24.974746704101563
    }
}