{
    "MoveSpeed": 0.5,
    "MoveSpeed Controller": 0.10000000149011612,
    "Rotate": {
        "x": -0.15865524113178253,
        "y": 2.9921343326568604,
        "z": 0.0
    },
    "RotateSpeed": 0.05000000074505806,
    "RotateSpeed Controller": 0.004999999888241291,
    "Translate": {
        "x": -3.7225630283355713,
        "y": 4.0,
        "z": 24.721298217773438
    }
}