{
    "MoveSpeed": 0.5,
    "MoveSpeed Controller": 0.10000000149011612,
    "Rotate": {
        "x": -0.15865525603294373,
        "y": -2.971923351287842,
        "z": 0.0
    },
    "RotateSpeed": 0.05000000074505806,
    "RotateSpeed Controller": 0.004999999888241291,
    "Translate": {
        "x": 4.221408367156982,
        "y": 4.0,
        "z": 24.641016006469727
    }
}