{
    "MoveSpeed": 0.5,
    "MoveSpeed Controller": 0.10000000149011612,
    "Rotate": {
        "x": -0.15865524113178253,
        "y": -1.985857367515564,
        "z": 0.0
    },
    "RotateSpeed": 0.05000000074505806,
    "RotateSpeed Controller": 0.004999999888241291,
    "Translate": {
        "x": 22.87729263305664,
        "y": 4.0,
        "z": 10.081145286560059
    }
}