{
    "オフセットの位置": {
        "x": 0.0,
        "y": 4.300000190734863,
        "z": -35.20000076293945
    },
    "回転": {
        "x": 0.20000000298023224,
        "y": 30.699817657470703,
        "z": 0.0
    },
    "回転速度": 0.05000000074505806,
    "補間速度": 5.0,
    "近づく倍率": 0.4000000059604645
}