{
    "Rotate": {
        "x": -0.0,
        "y": 0.11132940649986267,
        "z": 0.0
    },
    "カメラの移動速度": 0.009999999776482582,
    "制御点": [
        {
            "x": -4.300000190734863,
            "y": -12.199999809265137,
            "z": 0.0
        },
        {
            "x": 0.20000000298023224,
            "y": 0.20000000298023224,
            "z": -11.699999809265137
        },
        {
            "x": 0.0,
            "y": 0.0,
            "z": -20.700000762939453
        }
    ]
}