{
    "AnchorPoint": {
        "x": 0.0,
        "y": 0.0,
        "z": 0.0
    },
    "Color.": {
        "w": 1.0,
        "x": 1.0,
        "y": 1.0,
        "z": 1.0
    },
    "Hand Joint Name": "mixamorig:RightHand",
    "OffSet.Offset Position": {
        "x": 0.0,
        "y": 0.0,
        "z": 0.0
    },
    "OffSet.Offset Rotation": {
        "x": 0.0,
        "y": 0.0,
        "z": 0.8999999761581421
    },
    "OffSet.Offset Scale": {
        "x": 0.6000000238418579,
        "y": 0.699999988079071,
        "z": 1.0
    },
    "Rotate": {
        "x": 0.0,
        "y": 0.0,
        "z": 0.8999999761581421
    },
    "Scale": {
        "x": 0.6000000238418579,
        "y": 0.699999988079071,
        "z": 1.0
    },
    "Translation": {
        "x": 0.0,
        "y": 0.0,
        "z": 0.0
    },
    "Use Anchor Point": false
}