{
    "AnchorPoint": {
        "x": 0.0,
        "y": 0.0,
        "z": 0.0
    },
    "Hand Joint Name": "mixamorig:LeftHand",
    "Offset Position": {
        "x": -0.10000000149011612,
        "y": 0.0,
        "z": -0.20000000298023224
    },
    "Offset Rotation": {
        "x": 0.0,
        "y": 3.200000047683716,
        "z": 4.5
    },
    "Offset Scale": {
        "x": 0.699999988079071,
        "y": 0.699999988079071,
        "z": 0.4000000059604645
    },
    "Rotate": {
        "x": 0.0,
        "y": 3.200000047683716,
        "z": 4.5
    },
    "Scale": {
        "x": 0.699999988079071,
        "y": 0.699999988079071,
        "z": 0.4000000059604645
    },
    "Translation": {
        "x": -0.10000000149011612,
        "y": 0.0,
        "z": -0.20000000298023224
    },
    "Use Anchor Point": false
}