{
    "Size": {
        "x": 722.5999755859375,
        "y": 108.4000015258789
    },
    "offset": {
        "x": 500.0,
        "y": 120.0,
        "z": 0.0
    },
    "screenOffset": {
        "x": 500.0,
        "y": 120.0,
        "z": 0.0
    }
}