{
  "基本設定": {
    "最大パーティクル数": 2696,
    "エミッション率": 10,
    "寿命範囲": { "x": 1.000000, "y": 10.000000 },
    "速度": 0,
    "基本速度": { "x": 0.000000, "y": 1.000000, "z": 0.000000 },
    "速度バリエーション": { "x": 1.000000, "y": 1.000000, "z": 1.000000 },
    "ランダム方向": false
  },
  "物理設定": {
    "重力": { "x": 0.000000, "y": -9.800000, "z": 0.000000 },
    "空気抵抗": -0.1,
    "質量": 1
  },
  "色設定": {
    "開始色": { "x": 1.000000, "y": 1.000000, "z": 1.000000, "w": 1.000000 },
    "終了色": { "x": 1.000000, "y": 1.000000, "z": 1.000000, "w": 0.000000 },
    "色変化タイプ": 1
  },
  "発生設定": {
    "発生形状": 0,
    "発生半径": 1,
    "発生サイズ": { "x": 1.000000, "y": 1.000000, "z": 1.000000 },
    "スケール最小": { "x": 1.000000, "y": 1.000000, "z": 1.000000 },
    "スケール最大": { "x": 5.000000, "y": 5.000000, "z": 5.000000 },
    "回転最小": { "x": 0.000000, "y": 0.000000, "z": 0.000000 },
    "回転最大": { "x": 0.000000, "y": 0.000000, "z": 0.000000 }
  },
  "描画設定": {
    "ブレンドモード": 5,
    "ビルボード有効": false,
    "オフセット": { "x": 0.000000, "y": 0.000000, "z": 0.000000 },
    "UVスケール": { "x": 1.000000, "y": 1.000000 },
    "UV移動": { "x": 0.000000, "y": 0.000000 },
    "UV回転": 0
  }
}