{
  "version": "1.0",
  "effectCount": 1,
  "effects": [
    {
      "type": 10,
      "name": "ColorAdjust 1",
      "enabled": true,
      "parameters": {
        "exposure": 1.000000,
        "sigma": 2.000000,
        "kernelSize": 3,
        "outlineColor": [0.000000,0.000000,0.000000,1.000000],
        "radialBlur": {
          "direction": [0.000000,0.000000],
          "center": [0.500000,0.500000],
          "width": 0.001000,
          "sampleCount": 10,
          "isRadial": true
        },
        "dissolve": {
          "threshold": 0.000000,
          "edgeWidth": 0.000000,
          "edgeColor": [0.000000,0.000000,0.000000],
          "invert": 0.000000
        },
        "chromatic": {
          "aberrationStrength": 0.000000,
          "screenSize": [0.000000,0.000000],
          "edgeStrength": 0.000000
        },
        "colorAdjust": {
          "brightness": -0.003000,
          "contrast": 1.000000,
          "saturation": 1.115000,
          "hue": 10.000000
        },
        "tone": {
          "gamma": 0.999000,
          "exposure": 1.000000
        },
        "shatter": {
          "progress": 0.000000,
          "resolution": [0.000000,0.000000],
          "time": 0.000000
        }
      }
    }
  ]
}
