{
    "OBB Offset Center X": 0.20000000298023224,
    "OBB Offset Center Y": 1.7000000476837158,
    "OBB Offset Center Z": 0.10000000149011612,
    "OBB Offset Euler (degrees)": {
        "x": 0.0,
        "y": 0.0,
        "z": 8.100000381469727
    },
    "OBB Offset Size X": 0.6000000238418579,
    "OBB Offset Size Y": 2.700000047683716,
    "OBB Offset Size Z": 0.6000000238418579
}