{
    "objects": [
        {
            "filePath": "Blacksmith\\Blacksmith.obj",
            "id": 0,
            "modelName": "Blacksmith",
            "parentID": -1,
            "position": [
                23.58087158203125,
                0.0,
                44.90496826171875
            ],
            "rotate": [
                3.1415839195251465,
                -0.039278194308280945,
                3.1415884494781494
            ],
            "scale": [
                5.354616165161133,
                4.077547073364258,
                3.382692575454712
            ]
        },
        {
            "filePath": "House_1\\House_1.obj",
            "id": 1,
            "modelName": "House_1",
            "parentID": -1,
            "position": [
                51.380889892578125,
                0.0,
                18.661623001098633
            ],
            "rotate": [
                3.1415793895721436,
                -1.3018920421600342,
                -3.1415724754333496
            ],
            "scale": [
                3.5798819065093994,
                3.3078629970550537,
                3.61610746383667
            ]
        },
        {
            "filePath": "House_2\\House_2.obj",
            "id": 2,
            "modelName": "House_2",
            "parentID": -1,
            "position": [
                51.06190872192383,
                0.0,
                28.602386474609375
            ],
            "rotate": [
                0.03460576757788658,
                1.3067487478256226,
                0.0
            ],
            "scale": [
                4.84910249710083,
                4.6269941329956055,
                4.782597541809082
            ]
        },
        {
            "filePath": "Bell_Tower\\Bell_Tower.obj",
            "id": 3,
            "modelName": "Bell_Tower",
            "parentID": -1,
            "position": [
                39.78806686401367,
                0.0,
                40.28143310546875
            ],
            "rotate": [
                0.0,
                -0.0,
                0.0
            ],
            "scale": [
                2.027540445327759,
                4.562047004699707,
                3.253894329071045
            ]
        }
    ],
    "version": 1
}