{
    "objects": [
        {
            "filePath": "House_1\\House_1.obj",
            "id": 0,
            "modelName": "House_1",
            "parentID": -1,
            "position": [
                -8.20300006866455,
                0.0,
                20.0
            ],
            "rotate": [
                0.0,
                -4.43311882019043,
                0.0
            ],
            "scale": [
                4.0,
                4.0,
                4.0
            ]
        },
        {
            "filePath": "House_2\\House_2.obj",
            "id": 1,
            "modelName": "House_2",
            "parentID": -1,
            "position": [
                15.0,
                0.0,
                12.492897987365723
            ],
            "rotate": [
                -3.1415908336639404,
                1.2740896940231323,
                -3.1415908336639404
            ],
            "scale": [
                3.999999761581421,
                4.0,
                3.999999761581421
            ]
        }
    ],
    "version": 1
}